Ia,Vak
0.0684,0.77
0.06,0.76
0.0489,0.758
0.04020000000000001,0.754
0.0282,0.778
0.0249,0.81
0.024300000000000002,0.8
0.023780000000000003,0.81
0.0009000000000000001,1.84
0.0009000000000000001,1.75
0.0009000000000000001,1.58
0.0005,1.38
0.00045000000000000004,1.19
0.0004,0.98
0.00034,0.8
0.00024,0.6
0.0002,0.4
0.00013000000000000002,0.2
0.0001,0.1
